Mexicaanse rijstschotel met kip;1
Caponata met couscous;0
Boerenkool-knolselderijstamp met rookworstcroutons;1
Witlof met ham en kaas uit de oven;0
Pittige vis-courgettekoekjes;1
Aziatisch gemarineerde varkensspies met Chinese wokgroente;1
Varkensfilet in peper-citroenkorst met pastinaak en peen ;1
Oosterse snijbonensalade met varkenshaas;1
Bloemkoolquiche met oude kaas;0
"Sushisandwich met rivierkreeftjes &amp; avocado";1
Pasta met aardappel, kip en sperziebonen;1
Briequiche met appel;0
Paddenstoelenpasteitje;1
Kalkoen met salie;0
"Mediterrane eendenbouten met truffelpolenta &amp; parmezaan";1
Fluitpasta;1
Hollandse kaasfondue;0
"Noedels met mango &amp; kip";1
Sjalotten-geitenkaasquiche met croutons;0
Zoetzure filetlapjes met paksoi;1
Stéphane Reynaud's gestoofde sla;1
Tagliatelle met zalm en avocadopesto;1
Noedels met ijsgarnalen en mango;1
Stoere chili;1
Vega gehakt van tofu met mie en paksoi;0
Gebakken kabeljauw met aardappel-komkommersalade;1
Fattoush met pita, kruiden en tuinerwten;0
Kip en venkel in pittige tomatensaus;1
"Lasagne met salami &amp; mozzarella";1
Kaasquiche met tomaat;0
Deense balletjes met ui en dille;1
Quinoasalade met kidneybonen en feta;0
3 tosti's met graskaas;1
Stéphane Reynaud's gestoofde sla;1
Boerenkoolstamppot met uitgebakken chorizo;1
Vegetarische ramen met kurkuma en cavolo nero;0
Broodje bal met augurk, piccalilly en rodekoolsalade;0
Pilav van quinoa;1
Visvink met spinazierisotto;1
Verrassende kip met rozemarijnaardappeltjes;1
"Sandwich met gepocheerde kip &amp; koolsalade";1
Spaghetti aglio e olio met verse kruiden;1
Sticky speklapjes met rozemarijnaardappeltjes;1
Bill Granger's saus van rauwe tomaten;0
Gebakken bloemkoolrijst met zalm en shanghaipaksoi;1
Brunch-garnalencocktail;1
Pittige gehaktballetjes met snelle bami;1
Romige spaghetti met spinazie, zalm en garnalen;1
Pasta pesto met kip;1
Eenpanspasta met gehaktballetjes;1
